-- MySQL dump 10.13  Distrib 8.0.25, for Win64 (x86_64)
--
-- Host: 161.97.113.219    Database: zona_wifi
-- ------------------------------------------------------
-- Server version	5.7.33-0ubuntu0.18.04.1

/*!40101 SET @OLD_CHARACTER_SET_CLIENT=@@CHARACTER_SET_CLIENT */;
/*!40101 SET @OLD_CHARACTER_SET_RESULTS=@@CHARACTER_SET_RESULTS */;
/*!40101 SET @OLD_COLLATION_CONNECTION=@@COLLATION_CONNECTION */;
/*!50503 SET NAMES utf8 */;
/*!40103 SET @OLD_TIME_ZONE=@@TIME_ZONE */;
/*!40103 SET TIME_ZONE='+00:00' */;
/*!40014 SET @OLD_UNIQUE_CHECKS=@@UNIQUE_CHECKS, UNIQUE_CHECKS=0 */;
/*!40014 SET @OLD_FOREIGN_KEY_CHECKS=@@FOREIGN_KEY_CHECKS, FOREIGN_KEY_CHECKS=0 */;
/*!40101 SET @OLD_SQL_MODE=@@SQL_MODE, SQL_MODE='NO_AUTO_VALUE_ON_ZERO' */;
/*!40111 SET @OLD_SQL_NOTES=@@SQL_NOTES, SQL_NOTES=0 */;

--
-- Table structure for table `dispositivos`
--

DROP TABLE IF EXISTS `dispositivos`;
/*!40101 SET @saved_cs_client     = @@character_set_client */;
/*!50503 SET character_set_client = utf8mb4 */;
CREATE TABLE `dispositivos` (
  `iddispositivos` int(11) NOT NULL AUTO_INCREMENT,
  `mac` varchar(50) NOT NULL,
  PRIMARY KEY (`iddispositivos`)
) ENGINE=InnoDB AUTO_INCREMENT=382 DEFAULT CHARSET=utf8;
/*!40101 SET character_set_client = @saved_cs_client */;

--
-- Dumping data for table `dispositivos`
--

LOCK TABLES `dispositivos` WRITE;
/*!40000 ALTER TABLE `dispositivos` DISABLE KEYS */;
INSERT INTO `dispositivos` VALUES (2,'B0-C1-9E-DE-33-CB'),(3,'58-20-59-7A-74-BA'),(4,'84-D1-5A-D3-8A-3B'),(5,'E6-B0-DC-D4-D4-AD'),(6,'28-16-7F-6D-F8-48'),(7,'42-49-82-4C-AE-47'),(8,'B6-E9-5D-EA-A4-AA'),(9,'2C-D0-66-26-EB-6B'),(10,'80-35-C1-50-FB-FD'),(11,'1A-2C-26-52-5B-B3'),(12,'CA-81-91-FF-28-F0'),(13,'38-78-62-01-D7-06'),(14,'D8-CE-3A-E3-23-6B'),(15,'EE-1A-B8-62-B2-21'),(18,'78-D7-5F-BB-D4-09'),(19,'58-C5-CB-17-56-81'),(20,'BC-98-DF-60-41-9F'),(21,'B0-EB-57-00-15-AA'),(22,'F4-71-90-46-44-E8'),(23,'34-1C-F0-30-32-3A'),(24,'64-09-AC-79-A6-39'),(25,'B2-68-66-AE-46-1F'),(26,'60-14-66-0D-16-7D'),(27,'FC-A6-21-96-E9-C2'),(28,'90-63-3B-86-4D-5B'),(29,'00-08-22-38-5A-95'),(30,'64-A2-00-6F-C3-90'),(31,'C8-3D-DC-AA-56-7D'),(32,'CC-C0-79-58-77-BC'),(33,'BA-45-20-40-A7-9F'),(34,'CC-61-E5-13-64-36'),(35,'D4-63-C6-67-08-38'),(36,'A8-34-6A-A0-AA-50'),(37,'A2-90-1B-47-50-42'),(38,'E0-AA-96-54-D2-E8'),(39,'14-96-E5-85-B6-6F'),(40,'E0-B5-2D-1D-4A-E5'),(41,'6A-48-8C-87-3A-6B'),(42,'7C-FD-6B-90-E9-6A'),(43,'E0-1F-88-B7-95-4C'),(44,'1E-2F-8D-BD-AA-93'),(45,'8C-89-A5-03-C9-F3'),(46,'74-D2-1D-46-3E-4F'),(47,'14-30-C6-34-3E-DC'),(48,'94-35-0A-0B-04-D1'),(49,'F0-D7-AA-88-99-7A'),(50,'FC-19-99-21-8E-6A'),(51,'C2-D1-95-BC-C1-FC'),(52,'58-D9-C3-D6-AF-C6'),(53,'50-3D-C6-18-C1-FA'),(54,'78-C3-E9-63-4D-CA'),(55,'50-04-B8-D6-1B-9D'),(56,'DC-CF-96-59-E4-9B'),(57,'D4-C9-4B-F4-B4-03'),(58,'D4-11-A3-FE-1A-37'),(59,'D4-E6-B7-8B-5C-97'),(60,'86-FF-B5-6F-49-C3'),(61,'3C-F7-A4-5C-C9-C9'),(62,'38-30-F9-7C-B0-87'),(63,'50-8E-49-84-25-88'),(64,'EC-8C-9A-B5-E3-A9'),(65,'CC-46-4E-AD-0D-48'),(66,'20-32-6C-60-2C-4A'),(67,'B0-C1-9E-EB-58-A6'),(68,'7C-2A-DB-59-FD-1F'),(69,'98-F6-21-F7-E3-5D'),(70,'64-A2-00-A3-A5-C6'),(71,'54-EF-92-63-50-4D'),(72,'80-FD-7A-04-5C-43'),(73,'D6-06-1B-F8-D8-51'),(74,'14-96-E5-8A-41-DB'),(75,'08-78-08-45-FF-BE'),(76,'80-FD-7A-1E-9C-6A'),(77,'AC-F6-F7-BE-34-48'),(78,'10-89-FB-4E-48-90'),(79,'00-08-22-86-99-C0'),(80,'24-11-45-6C-A2-E0'),(81,'90-78-B2-71-33-53'),(82,'7A-72-57-1F-01-F1'),(83,'F6-42-45-02-94-A5'),(84,'E0-1F-88-94-69-28'),(85,'1A-39-72-D4-AC-F7'),(86,'F4-F5-24-75-1E-99'),(87,'0A-47-FB-88-57-4F'),(88,'54-F2-01-92-B0-85'),(89,'FC-19-99-1F-27-A4'),(90,'F4-09-D8-14-9E-61'),(91,'50-98-39-91-05-3C'),(92,'52-78-4F-C0-AA-6A'),(93,'DC-44-B6-E8-AD-65'),(94,'B0-C1-9E-EB-52-4D'),(95,'76-2D-24-66-75-39'),(96,'E0-CC-F8-3F-36-9F'),(97,'00-12-36-B0-B7-45'),(98,'70-56-81-C0-D7-A3'),(99,'98-F6-21-D5-FB-F8'),(100,'9E-20-EE-5B-7B-11'),(101,'50-55-27-F3-A0-8F'),(102,'FC-19-99-21-91-FE'),(103,'2E-F7-27-10-5E-A8'),(104,'7C-2A-DB-EA-AD-C2'),(105,'64-09-AC-45-3D-65'),(106,'F4-F1-E1-9D-0D-4C'),(107,'26-34-B9-2D-55-34'),(108,'F4-71-90-7E-96-03'),(109,'A6-FC-CC-24-4E-AC'),(110,'98-6C-F5-16-55-CE'),(111,'1A-08-FB-10-DD-FE'),(112,'5A-FF-0E-8F-65-E7'),(113,'DA-F1-CB-E9-A1-02'),(114,'BC-54-51-93-0B-CA'),(115,'A2-FD-06-34-F4-DB'),(116,'00-56-CD-6F-81-7D'),(117,'92-88-72-F2-1B-06'),(118,'58-20-59-7A-AB-08'),(119,'FA-B2-7B-64-94-61'),(120,'42-42-7B-79-19-1C'),(121,'D0-31-69-A8-37-20'),(122,'EC-10-7B-0B-A5-15'),(123,'7C-FD-6B-14-11-EF'),(124,'E0-E6-2E-A2-C2-38'),(125,'FC-19-99-5B-BD-72'),(126,'00-08-22-CB-12-51'),(127,'4C-4E-03-67-A6-2A'),(128,'D8-0B-9A-47-F3-BE'),(129,'60-51-2C-EE-60-44'),(130,'A4-6C-F1-F1-A8-E2'),(131,'2A-95-58-D0-5D-17'),(132,'7C-FD-6B-F4-24-BD'),(133,'DC-9B-D6-3E-A3-B4'),(134,'20-32-6C-65-11-8E'),(135,'EA-7A-F0-9E-8F-66'),(136,'DC-B7-2E-4D-BB-54'),(137,'9C-BC-F0-5A-F9-76'),(138,'10-94-BB-28-E4-2E'),(139,'98-6C-F5-16-6F-EB'),(140,'AE-79-57-B0-25-E9'),(141,'74-60-FA-43-64-78'),(142,'DC-72-9B-96-05-F0'),(143,'20-32-6C-10-1A-48'),(144,'9C-A5-13-22-B7-A9'),(145,'DC-EF-CA-F7-78-A7'),(146,'9C-BC-F0-52-8F-AE'),(147,'50-3D-C6-A6-1A-83'),(148,'FC-A6-21-DB-D6-5D'),(149,'58-D9-C3-B6-50-64'),(150,'F4-71-90-6D-55-49'),(151,'FE-5C-63-B9-EF-03'),(152,'EE-F7-A5-B3-B8-FA'),(153,'B0-C1-9E-DE-8A-44'),(154,'1C-23-2C-E8-C3-87'),(155,'D4-C9-4B-61-C3-81'),(156,'82-70-3F-12-E9-13'),(157,'40-E2-30-28-3F-2C'),(158,'3E-27-8B-2F-34-F7'),(159,'1C-CC-D6-0C-BC-8A'),(160,'B0-C1-9E-94-78-3C'),(161,'90-63-3B-ED-BE-87'),(162,'64-A2-00-8B-DB-68'),(163,'06-26-B3-C8-16-1B'),(164,'B6-19-65-45-21-D9'),(165,'AE-18-41-C6-2B-D8'),(166,'48-FD-A3-82-47-5E'),(167,'E6-C7-02-BD-0D-FE'),(168,'00-56-CD-62-49-B0'),(169,'64-A2-00-9A-C8-56'),(170,'E0-DC-FF-01-66-C1'),(171,'CC-46-4E-9E-B3-B2'),(172,'60-A4-D0-BB-CE-5D'),(173,'38-D4-0B-1C-67-0D'),(174,'48-13-7E-89-72-48'),(175,'18-D6-1C-43-7F-16'),(176,'EC-10-7B-E3-04-6D'),(177,'54-FC-F0-57-70-20'),(178,'BA-89-21-CA-83-BA'),(179,'40-45-DA-8F-7C-B2'),(180,'06-04-23-61-C2-EF'),(181,'88-9F-6F-4B-D7-40'),(182,'2C-AE-2B-32-70-7F'),(183,'7C-D6-61-97-1B-A7'),(184,'7C-D6-61-97-31-B0'),(185,'E0-1F-88-B1-4B-2D'),(186,'7C-FD-6B-90-4D-86'),(187,'4C-F2-02-35-6E-2D'),(188,'B0-C1-9E-09-5F-20'),(189,'44-00-49-00-48-B7'),(190,'1C-CC-D6-7E-16-81'),(191,'B0-C1-9E-09-5F-9B'),(192,'7C-2A-DB-6C-04-8F'),(193,'DC-9B-D6-49-C1-BF'),(194,'7C-FD-6B-8F-FF-1C'),(195,'64-09-AC-E9-94-98'),(196,'90-60-F1-86-60-F3'),(197,'40-3F-8C-2A-AA-BC'),(198,'4C-63-71-AC-65-45'),(199,'F4-71-90-7E-95-51'),(200,'60-14-66-0D-30-58'),(201,'B0-C1-9E-EB-4B-B9'),(202,'B0-C1-9E-94-24-85'),(203,'76-A2-7B-29-AC-47'),(204,'FC-2D-5E-5F-65-A2'),(205,'60-14-66-10-C6-A7'),(206,'A4-45-19-E7-B7-1B'),(207,'D2-10-6D-EC-F8-3F'),(208,'4E-F2-CD-5D-66-F8'),(209,'90-63-3B-17-5F-4A'),(210,'DC-89-83-50-D4-C3'),(211,'88-BF-E4-17-16-48'),(212,'00-8A-0F-08-B9-5F'),(213,'60-14-66-0D-2B-AD'),(214,'4A-16-73-69-1E-A5'),(215,'BC-FF-EB-C7-99-E9'),(216,'20-32-6C-A1-7F-AA'),(217,'EA-12-ED-1A-76-97'),(218,'38-6A-77-C5-6F-FB'),(219,'FE-31-A9-4A-A1-06'),(220,'80-4E-70-D7-C0-A4'),(221,'96-6D-E9-5C-B2-17'),(222,'7C-A1-77-17-48-37'),(223,'B8-94-36-8E-C8-CE'),(224,'AA-C7-96-B6-12-38'),(225,'54-FC-F0-15-E4-ED'),(226,'DA-45-7C-6B-15-30'),(227,'F4-71-90-7A-D6-0E'),(228,'4E-34-E5-19-DD-F2'),(229,'0C-2F-B0-8B-E2-DA'),(230,'F4-71-90-97-B7-88'),(231,'F4-71-90-7A-D5-E8'),(232,'9C-A5-13-22-BA-35'),(233,'7C-1C-68-AF-90-52'),(234,'02-8D-C8-B3-D3-5D'),(235,'7C-FD-6B-F6-14-DB'),(236,'A6-FC-D9-18-57-F3'),(237,'60-A4-D0-9F-35-56'),(238,'14-96-E5-BD-2C-45'),(239,'5A-AF-E6-A4-33-2D'),(240,'8C-D9-D6-0D-4B-A0'),(241,'D8-68-C3-9B-43-11'),(242,'06-AD-A4-F2-33-D7'),(243,'5E-5B-BA-F5-57-D2'),(244,'24-11-45-3C-92-A4'),(245,'C2-EF-CF-CA-2E-6F'),(246,'28-16-7F-DA-24-00'),(247,'60-14-66-40-4B-1E'),(248,'DE-CC-24-B3-8B-08'),(249,'B6-8F-67-5E-8E-5C'),(250,'1C-CC-D6-70-C7-A8'),(251,'48-5A-3F-31-B3-88'),(252,'A6-6E-4D-17-DA-E5'),(253,'7C-D6-61-F7-FE-29'),(254,'4C-F2-02-4D-C6-00'),(255,'64-A2-00-33-92-AE'),(256,'FC-A6-21-2A-6E-38'),(257,'92-05-4D-29-7E-07'),(258,'AA-59-40-89-B2-56'),(259,'14-9F-3C-9C-B0-C3'),(260,'1C-CC-D6-C2-4C-BF'),(261,'80-35-C1-EB-56-E2'),(262,'44-78-3E-6F-A6-92'),(263,'90-63-3B-65-ED-82'),(264,'DE-15-87-D8-F0-30'),(265,'60-14-66-ED-BA-06'),(266,'20-32-6C-20-A0-3F'),(267,'FC-19-99-5A-26-1B'),(268,'DC-9B-D6-4A-F7-20'),(269,'0A-5B-59-FD-0F-8C'),(270,'60-14-66-10-06-19'),(271,'9C-A5-13-34-86-31'),(272,'7C-23-02-CC-8E-C8'),(273,'18-87-40-DF-3E-95'),(274,'DC-16-B2-4D-B9-10'),(275,'38-80-DF-9D-A9-91'),(276,'50-98-39-D9-72-53'),(277,'92-61-6E-BC-8A-21'),(278,'66-A6-C7-50-23-D3'),(279,'B0-C1-9E-09-5F-B5'),(280,'9C-FC-01-8C-EA-95'),(281,'7C-2A-DB-EA-66-E4'),(282,'E0-CC-F8-28-DD-EF'),(283,'96-9D-77-50-03-9E'),(284,'5E-05-3F-82-0C-0C'),(285,'64-89-F1-BC-D5-61'),(286,'0C-F3-46-C2-18-A3'),(287,'18-D6-1C-13-11-0C'),(288,'7C-38-AD-43-1B-4A'),(289,'88-9F-6F-24-14-88'),(290,'7C-38-AD-71-39-4A'),(291,'20-32-6C-65-11-18'),(292,'B2-06-20-57-B4-EF'),(293,'34-29-12-B9-0E-BD'),(294,'80-FD-7A-0E-7A-60'),(295,'C4-9F-4C-D9-C6-4A'),(296,'24-11-45-37-88-9E'),(297,'FC-A6-21-67-DE-A7'),(298,'0A-BE-D2-56-61-98'),(299,'64-09-AC-9B-82-4E'),(300,'60-14-66-0D-31-0D'),(301,'60-14-66-10-02-43'),(302,'00-08-22-38-1B-CA'),(303,'A6-4A-3E-54-FF-14'),(304,'00-08-22-11-09-51'),(305,'B0-C1-9E-DE-BE-4B'),(306,'34-69-87-53-3F-C2'),(307,'00-08-22-48-94-6E'),(308,'14-9D-09-28-CF-97'),(309,'7C-FD-6B-99-2F-BC'),(310,'2A-52-42-3D-94-2A'),(311,'FC-A6-21-1B-FF-8F'),(312,'AC-5F-3E-98-93-A7'),(313,'F0-51-36-DA-F5-43'),(314,'EE-7D-6E-00-10-18'),(315,'A4-B8-05-D2-50-79'),(316,'B4-1C-30-88-6F-BC'),(317,'14-A5-1A-69-67-BD'),(318,'0C-F3-46-67-C1-3D'),(319,'C8-38-70-7F-02-85'),(320,'EC-10-7B-F3-06-63'),(321,'D0-7F-A0-92-29-6B'),(322,'4C-F2-02-9D-FC-EC'),(323,'94-17-00-5B-2F-00'),(324,'10-3F-44-70-95-C8'),(325,'50-3D-C6-0D-9F-64'),(326,'C0-8C-71-52-19-71'),(327,'18-87-40-51-EA-82'),(328,'C0-38-96-75-36-76'),(329,'7C-23-02-BB-EA-48'),(330,'7A-1B-6B-F3-88-25'),(331,'2C-D0-66-AE-20-82'),(332,'CA-CF-E1-34-F1-51'),(333,'FC-A6-21-27-B4-B8'),(334,'4E-71-26-60-DB-D4'),(335,'B0-C1-9E-EB-AC-25'),(336,'64-09-AC-43-44-1C'),(337,'26-46-5A-D7-54-60'),(338,'D0-C5-F3-B2-2A-4F'),(339,'2C-D0-66-23-84-6A'),(340,'7C-FD-6B-B5-31-7B'),(341,'B0-C1-9E-DE-69-35'),(342,'DE-BC-E7-1E-30-4C'),(343,'76-C4-B2-2D-48-FE'),(344,'18-F6-43-E2-97-62'),(345,'A8-51-5B-00-CE-ED'),(346,'9C-A5-13-B0-BF-01'),(347,'28-02-D8-59-35-5E'),(348,'FC-49-2D-91-5F-33'),(349,'FC-A6-21-7F-FD-E9'),(350,'82-87-95-DC-FB-B3'),(351,'C0-85-4C-34-CE-A3'),(352,'18-87-40-DF-2B-AF'),(353,'F4-71-90-44-2A-E9'),(354,'D0-9C-7A-B0-DC-F7'),(355,'AE-67-8C-60-27-5E'),(356,'64-09-AC-29-76-F1'),(357,'40-45-DA-75-BF-E2'),(358,'6A-56-BF-7B-78-02'),(359,'7C-2A-DB-F1-1B-02'),(360,'80-58-F8-19-FD-98'),(361,'B0-C1-9E-DE-9E-D7'),(362,'14-96-E5-DD-FD-91'),(363,'54-F2-01-1E-50-B5'),(364,'60-14-66-0D-32-1B'),(365,'B0-C1-9E-09-5E-22'),(366,'72-F2-6E-08-C3-3A'),(367,'72-D0-B9-62-3A-33'),(368,'00-08-22-02-AD-00'),(369,'7C-FD-6B-71-C9-96'),(370,'FC-A6-21-50-7D-1C'),(371,'D0-FC-CC-C2-4A-50'),(372,'E4-C8-01-B9-B6-7C'),(373,'AC-AF-B9-45-21-24'),(374,'8A-57-D1-47-18-8F'),(375,'7C-FD-6B-8F-DB-01'),(376,'B0-C1-9E-DE-9D-3D'),(377,'86-F1-C5-07-24-77'),(378,'D0-31-69-3C-5E-2C'),(379,'7C-1C-68-4F-B0-3C'),(380,'00-08-22-2B-34-AC'),(381,'F4-30-8B-50-25-9E');
/*!40000 ALTER TABLE `dispositivos` ENABLE KEYS */;
UNLOCK TABLES;

--
-- Table structure for table `frecuencia`
--

DROP TABLE IF EXISTS `frecuencia`;
/*!40101 SET @saved_cs_client     = @@character_set_client */;
/*!50503 SET character_set_client = utf8mb4 */;
CREATE TABLE `frecuencia` (
  `idusuario` int(11) NOT NULL,
  `iddispositivos` int(11) NOT NULL,
  `fecha` datetime DEFAULT CURRENT_TIMESTAMP,
  KEY `fk_usuario_has_dispositivos_dispositivos1_idx` (`iddispositivos`),
  KEY `fk_usuario_has_dispositivos_usuario_idx` (`idusuario`),
  CONSTRAINT `fk_usuario_has_dispositivos_dispositivos1` FOREIGN KEY (`iddispositivos`) REFERENCES `dispositivos` (`iddispositivos`) ON DELETE NO ACTION ON UPDATE NO ACTION,
  CONSTRAINT `fk_usuario_has_dispositivos_usuario` FOREIGN KEY (`idusuario`) REFERENCES `usuario` (`idusuario`) ON DELETE NO ACTION ON UPDATE NO ACTION
) ENGINE=InnoDB DEFAULT CHARSET=utf8;
/*!40101 SET character_set_client = @saved_cs_client */;

--
-- Dumping data for table `frecuencia`
--

LOCK TABLES `frecuencia` WRITE;
/*!40000 ALTER TABLE `frecuencia` DISABLE KEYS */;
INSERT INTO `frecuencia` VALUES (2,2,'2021-05-27 20:47:02'),(2,2,'2021-05-27 20:48:58'),(3,3,'2021-05-27 20:54:47'),(4,4,'2021-05-27 20:56:40'),(5,5,'2021-05-27 21:02:12'),(6,6,'2021-05-27 21:05:11'),(7,7,'2021-05-27 21:06:37'),(8,8,'2021-05-27 21:07:41'),(6,6,'2021-05-27 21:07:55'),(9,9,'2021-05-27 21:14:28'),(10,10,'2021-05-27 21:17:44'),(10,10,'2021-05-27 21:18:01'),(11,11,'2021-05-27 21:19:39'),(12,12,'2021-05-27 21:32:05'),(13,13,'2021-05-27 21:50:07'),(14,14,'2021-05-27 21:59:54'),(15,15,'2021-05-27 22:05:56'),(18,18,'2021-05-27 22:15:52'),(19,19,'2021-05-27 22:19:40'),(20,20,'2021-05-27 22:20:08'),(14,14,'2021-05-27 22:25:13'),(21,21,'2021-05-27 22:29:58'),(22,22,'2021-05-27 22:49:49'),(6,6,'2021-05-27 22:53:01'),(23,23,'2021-05-27 23:01:13'),(24,24,'2021-05-27 23:02:55'),(6,6,'2021-05-27 23:07:31'),(25,25,'2021-05-27 23:22:30'),(26,26,'2021-05-27 23:49:13'),(27,27,'2021-05-27 23:51:00'),(28,28,'2021-05-28 00:04:22'),(29,29,'2021-05-28 00:06:56'),(30,30,'2021-05-28 00:27:17'),(31,31,'2021-05-28 00:37:36'),(32,32,'2021-05-28 00:56:59'),(33,33,'2021-05-28 01:22:09'),(6,6,'2021-05-28 01:46:34'),(34,34,'2021-05-28 01:49:06'),(35,35,'2021-05-28 02:09:37'),(36,36,'2021-05-28 02:11:09'),(5,5,'2021-05-28 02:15:39'),(33,33,'2021-05-28 02:19:56'),(6,6,'2021-05-28 02:34:06'),(26,26,'2021-05-28 03:25:07'),(26,26,'2021-05-28 04:49:44'),(26,26,'2021-05-28 11:47:43'),(37,37,'2021-05-28 13:42:12'),(38,38,'2021-05-28 13:55:05'),(39,39,'2021-05-28 13:59:41'),(40,40,'2021-05-28 14:03:17'),(41,41,'2021-05-28 14:10:17'),(42,42,'2021-05-28 14:10:20'),(43,43,'2021-05-28 14:23:07'),(44,44,'2021-05-28 14:28:46'),(45,45,'2021-05-28 08:49:27'),(46,46,'2021-05-28 08:49:33'),(6,6,'2021-05-28 08:51:00'),(47,47,'2021-05-28 08:54:47'),(48,48,'2021-05-28 08:54:59'),(49,49,'2021-05-28 08:56:55'),(8,8,'2021-05-28 09:05:28'),(50,50,'2021-05-28 09:09:22'),(51,51,'2021-05-28 09:14:54'),(52,52,'2021-05-28 09:15:31'),(40,40,'2021-05-28 09:17:10'),(53,53,'2021-05-28 09:18:45'),(54,54,'2021-05-28 09:32:33'),(55,55,'2021-05-28 09:33:22'),(40,40,'2021-05-28 09:35:17'),(53,53,'2021-05-28 09:35:18'),(56,56,'2021-05-28 09:35:36'),(57,57,'2021-05-28 09:39:45'),(55,55,'2021-05-28 09:42:04'),(58,58,'2021-05-28 09:42:34'),(59,59,'2021-05-28 09:45:21'),(11,11,'2021-05-28 09:50:22'),(60,60,'2021-05-28 09:50:33'),(61,61,'2021-05-28 10:09:58'),(62,62,'2021-05-28 10:12:21'),(63,63,'2021-05-28 01:08:36'),(64,64,'2021-05-28 01:10:08'),(65,65,'2021-05-28 01:10:17'),(55,55,'2021-05-28 01:10:35'),(55,55,'2021-05-28 01:10:49'),(66,66,'2021-05-28 01:10:52'),(67,67,'2021-05-28 01:15:21'),(68,68,'2021-05-28 01:16:17'),(69,69,'2021-05-28 01:16:26'),(70,70,'2021-05-28 01:16:56'),(71,71,'2021-05-28 01:17:33'),(48,48,'2021-05-28 01:18:16'),(72,72,'2021-05-28 01:26:23'),(73,73,'2021-05-28 01:29:17'),(74,74,'2021-05-28 01:35:17'),(75,75,'2021-05-28 01:35:18'),(76,76,'2021-05-28 01:35:59'),(72,72,'2021-05-28 01:36:14'),(77,77,'2021-05-28 01:36:16'),(78,78,'2021-05-28 01:36:56'),(5,5,'2021-05-28 01:37:56'),(70,70,'2021-05-28 01:44:01'),(79,79,'2021-05-28 01:45:55'),(80,80,'2021-05-28 01:49:06'),(81,81,'2021-05-28 01:49:21'),(82,82,'2021-05-28 01:49:32'),(83,83,'2021-05-28 01:51:38'),(84,84,'2021-05-28 01:52:52'),(25,25,'2021-05-28 01:53:28'),(11,11,'2021-05-28 02:01:20'),(78,78,'2021-05-28 02:05:01'),(5,5,'2021-05-28 02:09:23'),(55,55,'2021-05-28 02:09:26'),(55,55,'2021-05-28 02:09:43'),(71,71,'2021-05-28 02:12:50'),(11,11,'2021-05-28 02:20:42'),(85,85,'2021-05-28 02:22:58'),(86,86,'2021-05-28 02:24:41'),(87,87,'2021-05-28 02:26:54'),(88,88,'2021-05-28 02:30:21'),(89,89,'2021-05-28 02:33:27'),(90,90,'2021-05-28 02:34:06'),(72,72,'2021-05-28 02:36:30'),(55,55,'2021-05-28 02:38:40'),(55,55,'2021-05-28 02:38:54'),(91,91,'2021-05-28 02:41:46'),(92,92,'2021-05-28 02:42:13'),(93,93,'2021-05-28 02:42:26'),(94,94,'2021-05-28 02:43:21'),(95,95,'2021-05-28 02:44:17'),(96,96,'2021-05-28 02:50:10'),(97,97,'2021-05-28 02:50:12'),(98,98,'2021-05-28 02:51:28'),(99,99,'2021-05-28 02:57:38'),(6,6,'2021-05-28 02:57:57'),(100,100,'2021-05-28 02:58:12'),(101,101,'2021-05-28 02:59:54'),(94,94,'2021-05-28 03:03:25'),(11,11,'2021-05-28 03:09:33'),(102,102,'2021-05-28 03:09:55'),(103,103,'2021-05-28 03:13:23'),(104,104,'2021-05-28 03:19:17'),(105,105,'2021-05-28 03:20:23'),(6,6,'2021-05-28 03:21:17'),(106,106,'2021-05-28 03:22:32'),(107,107,'2021-05-28 03:22:34'),(108,108,'2021-05-28 03:23:04'),(109,109,'2021-05-28 03:23:13'),(110,110,'2021-05-28 03:25:13'),(11,11,'2021-05-28 03:29:50'),(106,106,'2021-05-28 03:34:16'),(111,111,'2021-05-28 03:34:26'),(112,112,'2021-05-28 03:36:55'),(113,113,'2021-05-28 03:36:56'),(114,114,'2021-05-28 03:37:31'),(115,115,'2021-05-28 03:38:15'),(103,103,'2021-05-28 03:39:29'),(116,116,'2021-05-28 03:40:33'),(117,117,'2021-05-28 03:44:12'),(117,117,'2021-05-28 03:44:48'),(26,26,'2021-05-28 03:47:45'),(118,118,'2021-05-28 03:50:59'),(119,119,'2021-05-28 03:51:38'),(120,120,'2021-05-28 03:54:32'),(120,120,'2021-05-28 03:55:34'),(121,121,'2021-05-28 03:59:27'),(122,122,'2021-05-28 04:05:19'),(11,11,'2021-05-28 04:06:05'),(6,6,'2021-05-28 04:08:49'),(119,119,'2021-05-28 04:09:11'),(123,123,'2021-05-28 04:13:30'),(15,15,'2021-05-28 04:14:35'),(124,124,'2021-05-28 04:18:13'),(125,125,'2021-05-28 04:23:53'),(11,11,'2021-05-28 04:25:25'),(126,126,'2021-05-28 04:26:34'),(127,127,'2021-05-28 04:27:13'),(128,128,'2021-05-28 04:27:54'),(103,103,'2021-05-28 04:32:01'),(129,129,'2021-05-28 04:36:21'),(129,129,'2021-05-28 04:38:07'),(130,130,'2021-05-28 04:38:55'),(131,131,'2021-05-28 04:39:11'),(132,132,'2021-05-28 04:44:30'),(133,133,'2021-05-28 04:45:10'),(134,134,'2021-05-28 04:46:59'),(135,135,'2021-05-28 04:48:52'),(136,136,'2021-05-28 04:49:46'),(137,137,'2021-05-28 04:53:55'),(138,138,'2021-05-28 05:00:41'),(139,139,'2021-05-28 05:03:41'),(140,140,'2021-05-28 05:09:29'),(141,141,'2021-05-28 05:11:10'),(142,142,'2021-05-28 05:16:37'),(143,143,'2021-05-28 05:17:33'),(144,144,'2021-05-28 05:18:01'),(145,145,'2021-05-28 05:19:25'),(146,146,'2021-05-28 05:23:36'),(147,147,'2021-05-28 05:29:50'),(148,148,'2021-05-28 05:30:07'),(149,149,'2021-05-28 05:30:59'),(150,150,'2021-05-28 05:37:38'),(52,52,'2021-05-28 05:38:20'),(151,151,'2021-05-28 05:42:19'),(152,152,'2021-05-28 05:46:43'),(153,153,'2021-05-28 05:49:14'),(55,55,'2021-05-28 05:54:48'),(55,55,'2021-05-28 05:55:02'),(154,155,'2021-05-28 06:02:49'),(21,21,'2021-05-28 06:02:57'),(155,156,'2021-05-28 06:09:38'),(156,157,'2021-05-28 06:10:23'),(55,55,'2021-05-28 06:11:24'),(55,55,'2021-05-28 06:11:40'),(157,158,'2021-05-28 06:12:12'),(158,159,'2021-05-28 06:12:46'),(159,160,'2021-05-28 06:13:04'),(160,161,'2021-05-28 06:13:14'),(161,162,'2021-05-28 06:15:08'),(162,163,'2021-05-28 06:17:10'),(163,164,'2021-05-28 06:22:54'),(31,31,'2021-05-28 06:22:55'),(55,55,'2021-05-28 06:29:18'),(164,165,'2021-05-28 06:31:52'),(165,166,'2021-05-28 06:34:19'),(166,167,'2021-05-28 06:35:40'),(167,168,'2021-05-28 06:40:01'),(168,169,'2021-05-28 06:43:37'),(169,170,'2021-05-28 06:44:13'),(170,171,'2021-05-28 06:47:04'),(171,172,'2021-05-28 06:49:14'),(172,173,'2021-05-28 06:49:56'),(170,171,'2021-05-28 06:51:44'),(113,113,'2021-05-28 06:53:04'),(155,156,'2021-05-28 06:57:37'),(173,174,'2021-05-28 07:10:38'),(18,18,'2021-05-28 07:12:34'),(163,164,'2021-05-28 07:17:53'),(174,175,'2021-05-28 07:20:40'),(175,176,'2021-05-28 07:21:16'),(11,11,'2021-05-28 07:24:52'),(11,11,'2021-05-28 07:29:03'),(176,177,'2021-05-28 07:30:31'),(177,178,'2021-05-28 07:30:47'),(178,179,'2021-05-28 07:32:10'),(179,180,'2021-05-28 07:32:12'),(18,18,'2021-05-28 07:33:43'),(180,181,'2021-05-28 07:35:25'),(18,18,'2021-05-28 07:36:37'),(181,182,'2021-05-28 07:40:19'),(182,183,'2021-05-28 07:41:20'),(33,33,'2021-05-28 07:42:01'),(182,183,'2021-05-28 07:44:12'),(183,184,'2021-05-28 07:45:12'),(35,35,'2021-05-28 07:48:50'),(34,34,'2021-05-28 07:53:38'),(184,185,'2021-05-28 07:54:34'),(185,186,'2021-05-28 07:55:48'),(99,99,'2021-05-28 08:02:03'),(186,187,'2021-05-28 08:04:03'),(44,44,'2021-05-28 08:20:06'),(187,188,'2021-05-28 08:23:32'),(188,189,'2021-05-28 08:24:32'),(189,190,'2021-05-28 08:26:35'),(33,33,'2021-05-28 08:26:42'),(22,22,'2021-05-28 08:33:07'),(190,191,'2021-05-28 08:33:20'),(49,49,'2021-05-28 08:36:21'),(191,192,'2021-05-28 08:39:05'),(192,193,'2021-05-28 08:40:31'),(11,11,'2021-05-28 08:40:42'),(50,50,'2021-05-28 08:43:08'),(193,194,'2021-05-28 08:44:47'),(194,195,'2021-05-28 08:47:13'),(195,196,'2021-05-28 08:48:58'),(196,197,'2021-05-28 08:58:17'),(18,18,'2021-05-28 09:16:24'),(197,198,'2021-05-28 09:17:20'),(198,199,'2021-05-28 09:26:10'),(86,86,'2021-05-28 09:41:23'),(26,26,'2021-05-28 10:31:36'),(26,26,'2021-05-28 10:36:55'),(199,200,'2021-05-28 10:41:42'),(26,26,'2021-05-29 01:18:43'),(200,201,'2021-05-29 02:21:05'),(200,201,'2021-05-29 04:19:37'),(26,26,'2021-05-29 05:47:23'),(201,202,'2021-05-29 06:43:32'),(88,88,'2021-05-29 08:09:43'),(202,203,'2021-05-29 08:22:00'),(44,44,'2021-05-29 08:24:16'),(203,204,'2021-05-29 08:24:55'),(88,88,'2021-05-29 08:26:50'),(203,204,'2021-05-29 08:27:17'),(159,160,'2021-05-29 08:28:22'),(46,46,'2021-05-29 08:35:07'),(88,88,'2021-05-29 08:38:35'),(204,205,'2021-05-29 08:44:59'),(205,206,'2021-05-29 08:45:55'),(160,161,'2021-05-29 08:46:01'),(93,93,'2021-05-29 08:46:52'),(206,207,'2021-05-29 08:50:58'),(207,208,'2021-05-29 08:52:03'),(208,209,'2021-05-29 08:57:50'),(198,199,'2021-05-29 08:59:05'),(209,210,'2021-05-29 09:00:03'),(51,51,'2021-05-29 09:05:34'),(210,211,'2021-05-29 09:16:40'),(211,212,'2021-05-29 09:18:58'),(49,49,'2021-05-29 09:24:14'),(212,213,'2021-05-29 09:25:52'),(71,71,'2021-05-29 09:33:26'),(71,71,'2021-05-29 09:37:30'),(62,62,'2021-05-29 09:37:41'),(71,71,'2021-05-29 09:40:06'),(213,214,'2021-05-29 09:41:54'),(22,22,'2021-05-29 09:43:52'),(214,215,'2021-05-29 09:44:24'),(215,216,'2021-05-29 09:56:12'),(216,217,'2021-05-29 09:58:45'),(217,218,'2021-05-29 09:58:51'),(213,214,'2021-05-29 09:58:55'),(218,219,'2021-05-29 10:00:22'),(21,21,'2021-05-29 10:01:34'),(219,220,'2021-05-29 10:10:52'),(217,218,'2021-05-29 10:14:54'),(213,214,'2021-05-29 10:16:05'),(220,221,'2021-05-29 10:20:10'),(221,222,'2021-05-29 10:32:23'),(222,223,'2021-05-29 10:34:40'),(41,41,'2021-05-29 10:44:14'),(223,224,'2021-05-29 10:47:34'),(224,225,'2021-05-29 10:52:13'),(225,226,'2021-05-29 10:56:36'),(226,227,'2021-05-29 10:59:40'),(227,228,'2021-05-29 11:08:45'),(228,229,'2021-05-29 11:13:08'),(229,230,'2021-05-29 11:15:48'),(223,224,'2021-05-29 11:19:12'),(50,50,'2021-05-29 11:19:50'),(230,231,'2021-05-29 11:20:41'),(221,222,'2021-05-29 11:21:14'),(53,53,'2021-05-29 11:21:56'),(231,232,'2021-05-29 11:31:28'),(232,233,'2021-05-29 11:36:37'),(233,234,'2021-05-29 11:38:12'),(204,205,'2021-05-29 11:38:48'),(234,235,'2021-05-29 11:55:47'),(196,197,'2021-05-29 11:57:07'),(235,236,'2021-05-29 11:59:45'),(236,237,'2021-05-29 12:13:50'),(237,238,'2021-05-29 12:38:02'),(118,118,'2021-05-29 12:39:18'),(238,239,'2021-05-29 12:41:31'),(239,240,'2021-05-29 12:45:32'),(240,241,'2021-05-29 12:57:05'),(11,11,'2021-05-29 01:00:20'),(241,242,'2021-05-29 01:00:39'),(11,11,'2021-05-29 01:14:03'),(242,243,'2021-05-29 01:16:47'),(243,244,'2021-05-29 01:26:04'),(244,245,'2021-05-29 01:28:22'),(11,11,'2021-05-29 01:29:05'),(88,88,'2021-05-29 01:43:23'),(245,246,'2021-05-29 01:51:58'),(111,111,'2021-05-29 01:52:58'),(246,247,'2021-05-29 01:57:19'),(212,213,'2021-05-29 02:01:08'),(247,248,'2021-05-29 02:01:49'),(246,247,'2021-05-29 02:02:11'),(248,249,'2021-05-29 02:04:34'),(249,250,'2021-05-29 02:05:32'),(164,165,'2021-05-29 02:22:56'),(250,251,'2021-05-29 02:23:23'),(251,252,'2021-05-29 02:25:59'),(252,253,'2021-05-29 02:34:18'),(253,254,'2021-05-29 02:40:55'),(254,255,'2021-05-29 02:41:49'),(36,36,'2021-05-29 02:52:00'),(255,256,'2021-05-29 02:55:21'),(222,223,'2021-05-29 02:56:04'),(256,257,'2021-05-29 02:56:55'),(93,93,'2021-05-29 02:59:28'),(227,228,'2021-05-29 03:02:29'),(257,258,'2021-05-29 03:07:05'),(257,258,'2021-05-29 03:08:18'),(76,76,'2021-05-29 03:19:49'),(258,259,'2021-05-29 03:32:08'),(259,260,'2021-05-29 03:33:56'),(260,261,'2021-05-29 03:34:21'),(261,262,'2021-05-29 03:35:20'),(262,263,'2021-05-29 03:35:29'),(258,259,'2021-05-29 03:40:46'),(26,26,'2021-05-29 03:42:26'),(263,264,'2021-05-29 03:46:20'),(264,265,'2021-05-29 03:46:35'),(265,266,'2021-05-29 03:49:39'),(86,86,'2021-05-29 03:51:56'),(266,267,'2021-05-29 03:54:16'),(181,182,'2021-05-29 03:54:45'),(267,268,'2021-05-29 03:59:21'),(268,269,'2021-05-29 04:01:26'),(269,270,'2021-05-29 04:09:49'),(270,271,'2021-05-29 04:11:54'),(271,272,'2021-05-29 04:13:03'),(272,273,'2021-05-29 04:15:13'),(273,274,'2021-05-29 04:16:30'),(261,262,'2021-05-29 04:21:16'),(274,275,'2021-05-29 04:21:26'),(275,276,'2021-05-29 04:28:37'),(276,277,'2021-05-29 04:33:12'),(277,278,'2021-05-29 04:34:09'),(278,279,'2021-05-29 04:34:38'),(279,280,'2021-05-29 04:38:57'),(280,281,'2021-05-29 04:45:35'),(281,282,'2021-05-29 04:54:03'),(282,283,'2021-05-29 04:55:51'),(283,284,'2021-05-29 04:59:12'),(284,285,'2021-05-29 05:04:59'),(279,280,'2021-05-29 05:06:39'),(285,286,'2021-05-29 05:16:43'),(286,287,'2021-05-29 05:20:33'),(285,286,'2021-05-29 05:20:46'),(287,288,'2021-05-29 05:20:49'),(114,114,'2021-05-29 05:21:02'),(201,202,'2021-05-29 05:21:15'),(280,281,'2021-05-29 05:21:29'),(288,289,'2021-05-29 05:23:04'),(289,290,'2021-05-29 05:27:02'),(290,291,'2021-05-29 05:29:16'),(291,292,'2021-05-29 05:38:23'),(292,293,'2021-05-29 05:38:24'),(285,286,'2021-05-29 05:47:50'),(150,150,'2021-05-29 05:49:30'),(279,280,'2021-05-29 05:49:34'),(282,283,'2021-05-29 06:12:03'),(293,294,'2021-05-29 06:15:43'),(294,295,'2021-05-29 06:19:52'),(295,296,'2021-05-29 06:32:11'),(227,228,'2021-05-29 06:40:10'),(296,297,'2021-05-29 06:50:38'),(297,298,'2021-05-29 06:52:01'),(50,50,'2021-05-29 07:17:34'),(296,297,'2021-05-29 08:00:45'),(35,35,'2021-05-29 08:05:35'),(297,298,'2021-05-29 08:06:08'),(2,2,'2021-05-29 08:06:30'),(247,248,'2021-05-29 08:26:10'),(212,213,'2021-05-29 08:28:15'),(26,26,'2021-05-29 09:16:17'),(200,201,'2021-05-29 09:24:50'),(298,299,'2021-05-29 09:46:39'),(200,201,'2021-05-29 09:49:08'),(299,300,'2021-05-29 10:22:41'),(26,26,'2021-05-30 05:10:33'),(298,299,'2021-05-30 05:48:27'),(298,299,'2021-05-30 06:46:21'),(236,237,'2021-05-30 06:49:43'),(300,301,'2021-05-30 06:51:43'),(301,302,'2021-05-30 08:20:12'),(302,303,'2021-05-30 08:26:22'),(303,304,'2021-05-30 08:32:20'),(204,205,'2021-05-30 08:51:46'),(269,270,'2021-05-30 09:45:26'),(304,305,'2021-05-30 09:59:32'),(248,249,'2021-05-30 10:02:12'),(305,306,'2021-05-30 10:14:02'),(306,307,'2021-05-30 10:45:41'),(307,308,'2021-05-30 10:47:03'),(239,240,'2021-05-30 10:53:25'),(308,309,'2021-05-30 11:17:54'),(309,310,'2021-05-30 11:21:17'),(310,311,'2021-05-30 11:21:52'),(311,312,'2021-05-30 11:22:11'),(312,313,'2021-05-30 11:23:10'),(313,314,'2021-05-30 11:24:34'),(48,48,'2021-05-30 11:26:19'),(35,35,'2021-05-30 11:27:30'),(21,21,'2021-05-30 11:27:35'),(36,36,'2021-05-30 11:28:15'),(314,315,'2021-05-30 11:31:15'),(315,316,'2021-05-30 11:31:27'),(47,47,'2021-05-30 11:32:25'),(48,48,'2021-05-30 11:34:41'),(168,169,'2021-05-30 11:34:41'),(222,223,'2021-05-30 11:35:51'),(46,46,'2021-05-30 11:37:14'),(316,317,'2021-05-30 11:37:54'),(317,318,'2021-05-30 11:38:46'),(2,2,'2021-05-30 11:40:27'),(159,160,'2021-05-30 11:42:47'),(318,319,'2021-05-30 11:43:02'),(319,320,'2021-05-30 11:45:14'),(86,86,'2021-05-30 11:53:06'),(320,321,'2021-05-30 11:54:00'),(314,315,'2021-05-30 11:57:40'),(321,322,'2021-05-30 12:05:58'),(322,323,'2021-05-30 12:06:32'),(323,324,'2021-05-30 12:07:38'),(324,325,'2021-05-30 12:08:02'),(208,209,'2021-05-30 12:08:17'),(325,326,'2021-05-30 12:18:50'),(313,314,'2021-05-30 12:19:07'),(300,301,'2021-05-30 12:29:45'),(326,327,'2021-05-30 12:30:13'),(327,328,'2021-05-30 12:46:38'),(328,329,'2021-05-30 12:52:56'),(329,330,'2021-05-30 12:55:13'),(10,10,'2021-05-30 12:56:41'),(50,50,'2021-05-30 12:57:00'),(282,283,'2021-05-30 01:27:55'),(330,331,'2021-05-30 01:29:26'),(331,332,'2021-05-30 01:33:12'),(332,333,'2021-05-30 01:34:48'),(209,210,'2021-05-30 01:35:35'),(209,210,'2021-05-30 01:35:48'),(333,334,'2021-05-30 01:37:31'),(334,335,'2021-05-30 01:38:38'),(335,336,'2021-05-30 01:38:48'),(336,337,'2021-05-30 01:39:09'),(337,338,'2021-05-30 01:39:56'),(68,68,'2021-05-30 01:42:11'),(338,339,'2021-05-30 01:42:24'),(76,76,'2021-05-30 01:49:34'),(339,340,'2021-05-30 01:53:30'),(340,341,'2021-05-30 01:56:03'),(341,342,'2021-05-30 01:57:37'),(339,340,'2021-05-30 02:00:33'),(342,343,'2021-05-30 02:01:07'),(343,344,'2021-05-30 02:02:06'),(27,27,'2021-05-30 02:08:46'),(61,61,'2021-05-30 02:09:49'),(27,27,'2021-05-30 02:09:56'),(344,345,'2021-05-30 02:10:22'),(345,346,'2021-05-30 02:12:00'),(48,48,'2021-05-30 02:32:37'),(93,93,'2021-05-30 02:36:49'),(346,347,'2021-05-30 02:42:04'),(93,93,'2021-05-30 02:44:08'),(347,348,'2021-05-30 02:57:13'),(268,269,'2021-05-30 02:59:47'),(48,48,'2021-05-30 03:00:48'),(348,349,'2021-05-30 03:04:19'),(349,350,'2021-05-30 03:04:35'),(48,48,'2021-05-30 03:04:50'),(350,351,'2021-05-30 03:05:50'),(351,352,'2021-05-30 03:06:12'),(352,353,'2021-05-30 03:10:43'),(353,354,'2021-05-30 03:12:04'),(354,355,'2021-05-30 03:17:30'),(255,256,'2021-05-30 03:18:02'),(355,356,'2021-05-30 03:28:13'),(356,357,'2021-05-30 03:30:45'),(357,358,'2021-05-30 03:31:00'),(220,221,'2021-05-30 03:40:44'),(358,359,'2021-05-30 03:52:06'),(359,360,'2021-05-30 03:54:09'),(359,360,'2021-05-30 03:58:36'),(360,361,'2021-05-30 03:58:55'),(361,362,'2021-05-30 04:02:59'),(64,64,'2021-05-30 04:04:54'),(47,47,'2021-05-30 04:11:59'),(362,363,'2021-05-30 04:13:16'),(86,86,'2021-05-30 04:14:58'),(363,364,'2021-05-30 04:28:04'),(364,365,'2021-05-30 04:39:01'),(365,366,'2021-05-30 04:40:01'),(366,367,'2021-05-30 04:42:16'),(86,86,'2021-05-30 04:48:17'),(86,86,'2021-05-30 04:51:20'),(55,55,'2021-05-30 04:51:35'),(55,55,'2021-05-30 04:51:45'),(367,368,'2021-05-30 05:04:42'),(365,366,'2021-05-30 05:14:54'),(368,369,'2021-05-30 05:39:44'),(369,370,'2021-05-30 05:40:13'),(251,252,'2021-05-30 05:42:08'),(370,371,'2021-05-30 05:44:36'),(371,373,'2021-05-30 05:49:52'),(372,374,'2021-05-30 06:04:30'),(373,375,'2021-05-30 06:11:01'),(374,376,'2021-05-30 06:22:11'),(365,366,'2021-05-30 06:23:45'),(375,377,'2021-05-30 06:36:35'),(376,378,'2021-05-30 06:42:34'),(107,107,'2021-05-30 06:50:21'),(365,366,'2021-05-30 07:05:38'),(163,164,'2021-05-30 07:06:08'),(163,164,'2021-05-30 07:11:38'),(163,164,'2021-05-30 07:15:42'),(97,97,'2021-05-30 07:36:40'),(35,35,'2021-05-30 07:54:41'),(197,198,'2021-05-30 08:05:39'),(36,36,'2021-05-30 08:15:41'),(200,201,'2021-05-31 03:33:17'),(200,201,'2021-05-31 04:36:45'),(200,201,'2021-05-31 04:41:08'),(200,201,'2021-05-31 05:11:44'),(377,379,'2021-05-31 05:16:13'),(378,380,'2021-05-31 07:48:46'),(379,381,'2021-05-31 07:56:00'),(168,169,'2021-05-31 08:00:36');
/*!40000 ALTER TABLE `frecuencia` ENABLE KEYS */;
UNLOCK TABLES;

--
-- Table structure for table `usuario`
--

DROP TABLE IF EXISTS `usuario`;
/*!40101 SET @saved_cs_client     = @@character_set_client */;
/*!50503 SET character_set_client = utf8mb4 */;
CREATE TABLE `usuario` (
  `idusuario` int(11) NOT NULL AUTO_INCREMENT,
  `nombre` varchar(70) NOT NULL,
  `telefono` varchar(11) NOT NULL,
  `correo` varchar(50) NOT NULL,
  `lugar` varchar(50) NOT NULL,
  PRIMARY KEY (`idusuario`)
) ENGINE=InnoDB AUTO_INCREMENT=380 DEFAULT CHARSET=utf8;
/*!40101 SET character_set_client = @saved_cs_client */;

--
-- Dumping data for table `usuario`
--

LOCK TABLES `usuario` WRITE;
/*!40000 ALTER TABLE `usuario` DISABLE KEYS */;
INSERT INTO `usuario` VALUES (2,'David ','04164568243','David_jose_1901@hotmail.com','Sambil'),(3,'Sonya Pérez','04246227599','sonyaprz94@gmail.com','Sambil'),(4,'Stefany Arcaya','04127897442','arcylazars@gmail.com','Sambil'),(5,'Ronmy Padilla ','04126687088','ronmyp398@gmail.com','Sambil'),(6,'Julymar Miranda','04246336183','julymarm79@gmail.com','Sambil'),(7,'Paola Urbina','04146872401','paoladelvalleurbinagrand@gmail.com','Sambil'),(8,'maria davila ','04126663312','mariaesperanzadh22@gmail.com','Sambil'),(9,'Wesley Perozo','04127677903','wesleyperozo@gmail.com','Sambil'),(10,'Ángel barreno','04246731939','angelbarreno1994@gmail.com','Sambil'),(11,'maría alvarez','04126691524','mariaaalvarezlugo341@gmail.com','Sambil'),(12,'Willfrank nieto','04126658450','willfranknieto@hotmail.com','Sambil'),(13,'Neveska perez','04166611410','neveskap@gmail.com','Sambil'),(14,'Danneisha Perozo','04246858600','danneishaperozo@gmail.com','Sambil'),(15,'Ana maria barrios ','04146315233','anabhidalgo@hotmail.com','Sambil'),(18,'Hola','04141234567','hola@hotmail.com','Sambil'),(19,'Roderich castilli','04246140509','rdcastillo1507@gmail.com','Sambil'),(20,'Christopher','04121251148','urzuachristopher27@gmail.com','Sambil'),(21,'Julia useche','04146581486','juseche27@gmail.com','Sambil'),(22,'Dubraskarivas','04246476679','dubraskadiaz1994@gmail.com','Sambil'),(23,'Marcelo Núñez','04126447832','Mar67Nunez@hotmail.com','Sambil'),(24,'Yun Ling Gonz','04146919953','yunlinggonzalez@gmail.com','Sambil'),(25,'Karelysamaya ','04146725288','karelysamaya2@gmail.com','Sambil'),(26,'Jose Ventura ','04126645149','Joseventura1978@www.com','Sambil'),(27,'Merly flores','04146908042','merlyflores25@hotmail.com','Sambil'),(28,'Marianna Hurtado','04294621750','mariannahurtadorevi@gmail.com','Sambil'),(29,'María Angélica','04247092414','mariacolina250@gmail.com','Sambil'),(30,'deividbenitezc@gmail.com','04268756492','deivid2benitez@gmail.com','Sambil'),(31,'Jhonatan Medina ','04122196649','jhonmedi@gmail.com','Sambil'),(32,'Francisco González','04246174990','franciscogonzalez4l03@gmail.com','Sambil'),(33,'Elvis mujica','04246101547','mujicaelvis@gmail.com','Sambil'),(34,'Javier franco','04262680770','elgordito0421@gmail.com','Sambil'),(35,'Luis Álvarez','04121637207','luis24810254@gmail.com','Sambil'),(36,'Víctor Zavala ','04126715980','victordza18@gmail.com','Sambil'),(37,'Nimero Ramones ','04126627761','rafaelmedina61@hotmail.com','Sambil'),(38,'Eduardo davila','04129664084','v19059145@gmail.com','Sambil'),(39,'Carlos Gutiérrez','04263681638','carlosluisgutierrezbrett@gma.com','Sambil'),(40,'Henry leal','04145215098','men18mask@gmail.com','Sambil'),(41,'Salvador gutierrez ','04141648429','salvador.gutierrez@maraveca.com','Sambil'),(42,'Melissa Arteaga','04127677769','mararyjcy@gmail.com','Sambil'),(43,'Yorman gutierrez','04126641627','gutierrezyorman7@gmail.com','Sambil'),(44,'Jasmary ','04146912175','Coromotojasmary04@gmail.com','Sambil'),(45,'josias prueba','3424324','josias.seo@gmail.com','Sambil'),(46,'Roy Gameros','04149661618','gamerosgomez@gmail.com','Sambil'),(47,'Jose reyes','04246024033','jd.rs_181@hotmail.com','Sambil'),(48,'Carlos Suarez','04126718781','carlossuarez@gmail.com','Sambil'),(49,'Dugleisy Rivas','04146717886','dugleisy06@gmail.com','Sambil'),(50,'Luismar Arroyo','04246402305','luismararroyop14@gmail.com','Sambil'),(51,'Manuel González','04126662535','manueljosegonzalez2929@gmail.com','Sambil'),(52,'Enrique Reyes','04121655040','reyesenriqueal@gmail.com','Sambil'),(53,'Reyce Cayama','04121296925','reycayama2907@hotmail.com','Sambil'),(54,'Neyramis arcaya','04126633009','neiramis.2017@guimeil.con','Sambil'),(55,'Alondra pelayo','04126912053','alondraapmx@gmail.com','Sambil'),(56,'miguel henriquez','04246519922','miguelahcone@gmail.com','Sambil'),(57,'Liliana Mantilla','04140602642','lilianaluciamantilla8@gmail.com','Sambil'),(58,'Eliana lugo','04126919952','carolescalona2011@gmail.com','Sambil'),(59,'María día','04121252963','katy_140793@hotmail.com','Sambil'),(60,'Frederic arenas ','04125805976','afredericsantos@gmail.com','Sambil'),(61,'Yorgelis Pulido ','04121625761','yorgelisapulidob@gmail.com','Sambil'),(62,'Katherine amaya ','04146956118','amayakatherine78@gmail.com','Sambil'),(63,'Alejandro gomez','04246856624','alejandro6topetroquimic@gmail.com','Sambil'),(64,'Maria Diaz','9791212','Mariiadiiiaz140793@gmail.com','Sambil'),(65,'Pyelina gutierrez ','04146816558','pieli1982@gmail.com','Sambil'),(66,'Cristina Colmenares ','04126435576','cristinitajpr@gmail.com','Sambil'),(67,'Jose luque','04166049061','elcomunicador2021@gmail.com','Sambil'),(68,'Keisy da silva','04246188551','keisydasilvacalles@hotmail.com','Sambil'),(69,'Axel ','04246826278','axellmarin00@gmail.com','Sambil'),(70,'Alejandra Aguilar','04143207741','alejandritaagu@gmail.com','Sambil'),(71,'jonaikel rojas','04126661297','jonaikelrojas@hotmail.com','Sambil'),(72,'Osmán Acurero ','04263651364','acureroosman28@gmail.com','Sambil'),(73,'Elimarleao','04260492862','elimarleal1305@gmail.com','Sambil'),(74,'David Castellano','04246226612','davikas1002@gmail.com','Sambil'),(75,'Mayerling sarabia','04146322883','mayerling467@gmail.com','Sambil'),(76,'Yuraima Dávila','04246574749','yuraimadm2626@gmail.com','Sambil'),(77,'Saymar laguna','04141640995','saymarlaguna11@gmail.com','Sambil'),(78,'David Canizalez','04165610516','canizalez.reyes.david@gmail.com','Sambil'),(79,'Gabriel colina ','04246788830','a.gabriel_90@hotmail.com','Sambil'),(80,'Arminda piña','04244728206','pinaarminda@gmail.com','Sambil'),(81,'Julio salazar','04146507780','julio15_306@hotmail.com','Sambil'),(82,'Adriana ','04147818706','adrianacmatuteg@gmail.com','Sambil'),(83,'Hdkdkkdkfkd','04129660712','perro@gmail.com','Sambil'),(84,'María martineZ','04120731247','marilo-269-16@hotmail.com','Sambil'),(85,'Miguel petit','04126602722','mmiguelpetit@gmail.com','Sambil'),(86,'Hendris Toloza','04126715459','hendrisdtolozav@gmail.com','Sambil'),(87,'Leonardo Trompiz ','04126593944','leonardotrompiz@gmail.com','Sambil'),(88,'Yessika romero ','04120657597','yessikaromeros@gmail.com','Sambil'),(89,'Edward Newgate','04241059385','edward777@gmail.com','Sambil'),(90,'elida roque','04246418386','elidaroq@gmail.com','Sambil'),(91,'Ana Revilla','04149656788','revillasorrentinoanalucia@gmail.com','Sambil'),(92,'Victoria Gómez ','04146960420','vickyalejandra0803@gmail.com','Sambil'),(93,'María Morillo','04126623426','maria11morillo@gmail.com','Sambil'),(94,'Yuleyma sanez','04160196836','yuleyma00@gmail','Sambil'),(95,'Mauro','04121653221','heladeriapolonorte@hot','Sambil'),(96,'Daniela Boscán','04246452207','danielaboscan1709@gmail.com','Sambil'),(97,'Jesus Gonzalez','04126405788','jesusj14@hotmail.es','Sambil'),(98,'.jflkaerh','0424566548','jhgyg@igu.com','Sambil'),(99,'Emigdio Diaz','04262694967','diazraul02@gmail.com','Sambil'),(100,'Omary','04126852455','omarymujica@gmail.com','Sambil'),(101,'hugo ramon','04246654919','hugo200440@gmail.com','Sambil'),(102,'Angel Ystillarte','04126655682','ystillartearte@gmail.com','Sambil'),(103,'hola maria','04246894567','Naho_22@gmail.com','Sambil'),(104,'Javier Vargas','04121070343','javiervargs24@gmail.com','Sambil'),(105,'Aura Rodríguez','04246017393','rauraelisa@hotmail.com','Sambil'),(106,'Emiro Giraldo','04124721312','giraldoemiro73@gmail.com','Sambil'),(107,'Felix Javier Monsalve Guzman','04125134177','felixjavier2009@gmail.com','Sambil'),(108,'Jonathan Herman ','04127857209','jonathanherman03@gmail.com','Sambil'),(109,'Juan guzmán ','04126608926','guzmanjs1601@gmail.com','Sambil'),(110,'leonary Guzman','04126603946','leoguz@gmail.con','Sambil'),(111,'Jofrannys Sanchez','04121220564','jluimar14@gmail.com','Sambil'),(112,'Jhoan Barrera','04123380463','barrerajhoanc@gmail.com','Sambil'),(113,'Abraham men6','04126613508','abrahammendo23@gmail.com','Sambil'),(114,'Lirio Petit','04126624076','Petitlirio@gmail.com','Sambil'),(115,'Maria jose mavarez','04146960420','mariajmavarez@gmail.com','Sambil'),(116,'Wilma Pire ','04125467890','wjp@gmail.com','Sambil'),(117,'María Gómez','04146520514','mariadelosangelesgomezquinones@gmail.com','Sambil'),(118,'Yolanda','04166605483','yolamargarita@gmail.co','Sambil'),(119,'José arape','04121002141','arape00@gmail.com','Sambil'),(120,'William Hidalgo ','04126489830','wh625972@gmail.com','Sambil'),(121,'Minerva','04246367371','minervabodero21@gmail.com','Sambil'),(122,'Eglis roque','04246727454','eglisroque2008@hotmail.com','Sambil'),(123,'Douglas Duran','04246885144','douglas.09.0625@gmail.com','Sambil'),(124,'Adelis Goitia','04246408941','adelisjosegoitiamadriz07@gmail.com','Sambil'),(125,'Reinarys morillo','04246147068','reinarysmmorilloa@gmail.com','Sambil'),(126,'Jhosmary Zambrano','04247092414','jhosmaryzambrano341@gmail.com','Sambil'),(127,'Larachel Garcia','04246538888','Lagarcia999@gmail.com','Sambil'),(128,'Jeanette Gómez','04146597033','jeanetteagg67@gmail.com','Sambil'),(129,'Nelson zambrano ','04246206913','nelson_15@hotmail.com','Sambil'),(130,'Jose oropeza','04246225536','jangelus193@hotmail.com','Sambil'),(131,'Johana lugo','04146960618','jonhanalugo@gmail.com','Sambil'),(132,'Misel Núñez ','04241739986','miselnunez4@gmail.com','Sambil'),(133,'Yazmin Suárez','04246177082','jazminsuarez1907@gmail.com','Sambil'),(134,'Wilfredo guevara','04121534406','wilfredoguevarac@gmail.com','Sambil'),(135,'Nkkk','04246220712','clubdeportivoafp@gmail.com','Sambil'),(136,'Nelianis Vargas ','04127888368','nelianisv@gmail.com','Sambil'),(137,'Isabella Peley','04126511347','isabellapeley17@gmail.com','Sambil'),(138,'Miriam oliva','04126460544','miriamoliva@hotmail.com','Sambil'),(139,'Erika Sanchez','04121654291','slerikadelvalle2@gmail.com','Sambil'),(140,'Orlando Morón','04246689887','orlandomoronlj2@gmail.com','Sambil'),(141,'Josmir mendoza ','04146994000','josmirfabiola@hotmail.com','Sambil'),(142,'Daniel Gonzalez','04126608114','daniel.gonzalez@sambil.com','Sambil'),(143,'Yackeline Calatayud','04141240854','yackycalat@gmail.com','Sambil'),(144,'Freddy galvis','1078829','freddygalvi@hotmail.com','Sambil'),(145,'John Lee','04246336994','jlee@hotmail.com','Sambil'),(146,'Dannisamaya','04126679918','dannisamaya.EP@hotmail.com','Sambil'),(147,'Francys Gómez','04121990974','alfrancys@gmail.com','Sambil'),(148,'Javier Gómez ','04126673268','jdgg2510@gmail.com','Sambil'),(149,'Eduar Gómez','04127994683','edeliasgomez@hotmail.com','Sambil'),(150,'Mariangel Petit ','0424694105','ocando_mariangel@gotmail.com','Sambil'),(151,'Miguel romanelli','04246203386','miglromanelli@gmail.com','Sambil'),(152,'Oriana romanelli','04146874826','oriromanelli97@gmail.com','Sambil'),(153,'Anthony Jimenez','04146924332','anthonyjimenezcarrasquro@gmail.com','Sambil'),(154,'Junior vicent','04144318667','Juniorvicent@hotmail.com','Sambil'),(155,'BLADIMIR MENDOZA ','04246954045','blamendoza4@hotmail.com','Sambil'),(156,'ROCKET GROUP','04124271614','rocketgroupve@gmail.com','Sambil'),(157,'Luis contreras','04126636912','luisalejcg@gmail.com','Sambil'),(158,'Yenmar morales','04246612436','moralesyenmar@hotmail.com','Sambil'),(159,'Gustavo Hernandez','04160550811','thealejandro_17@hotmail.com','Sambil'),(160,'Joseline Hernández ','04127514465','joselinepht@gmail.com','Sambil'),(161,'María cabrera','04127991803','mcbarradas92@gmail.com','Sambil'),(162,'Vitalys yagua','04149705066','vitalysyagua82@gmail.com','Sambil'),(163,'Cesar Polanco','04124271614','polancocesard@gmail.com','Sambil'),(164,'Paula hernadez','04140637457','stephanyborrrgales26@gmail.com','Sambil'),(165,'Félix Saavedra','04146826345','felix.s_68@hotmail.com','Sambil'),(166,'Yesselix Saavedra ','04126850166','yesselix.1@gmail.com','Sambil'),(167,'Nicole castro ','04246289591','Nicolcastrovlz@gmail.com','Sambil'),(168,'Leonardo leon','04121001036','leonleonardo500@gmail.com','Sambil'),(169,'José lopez','04146552383','moiseslugogl21@gmail.com','Sambil'),(170,'Anyelis bravo','04126661497','anyelis2135@hotmail.com','Sambil'),(171,'Mary lugo','04146464743','maryelenalugo@hotmail.com','Sambil'),(172,'Eneyda Rodtiguez','04128955509','eneydalachiqui.@hotmail.com1212','Sambil'),(173,'Franklin tremont','04125145980','hernandezandreac25@gmail.com','Sambil'),(174,'ninfa yari','04126481003','ninfayari29@gmail.com','Sambil'),(175,'Sara Borregales ','04120606804','sara757.sb@gmail','Sambil'),(176,'andreina perez','04125248774','andreinaperez1985@gmail.com','Sambil'),(177,'Mayuri Salazar','04149691109','mayurisalazar@gmail.com','Sambil'),(178,'Mariana Petit','04163640588','marianaptit123@gmail.com','Sambil'),(179,'Pedro caldera','04145229725','petter137@gmail.com','Sambil'),(180,'Roy Gomez','04146911146','rjgl05@hotmail.com','Sambil'),(181,'Fabainantonio','04146792436','fabianbeltranperez@hotmail.com','Sambil'),(182,'Peleo por tu tula','04246778781','tomasalejandrosalazarpelayo@gmail.com','Sambil'),(183,'Para que quieres saberlo?','04127553860','tomasenriquesalazarpelayo@gmail.com','Sambil'),(184,'Miguel','04146993716','miguellanoy42@gmail.com','Sambil'),(185,'Midgelys','04146989475','mmigledi@gmail.com','Sambil'),(186,'Juan pablo','04146963505','moiseslugogl1@gmailcom','Sambil'),(187,'Jorge Medina','04121072393','jlmedina33@gmail.com','Sambil'),(188,'Héctor Medina','04246950115','hectoralejandro1206@gmail.com','Sambil'),(189,'Larry Hidalgo ','04126446447','larryhidalgo21@gmail.com','Sambil'),(190,'Marbella Calatayud','04146979767','marberoa@hotmail.com','Sambil'),(191,'Mandy colina ','04126680560','ainemsi2012@gmail.com','Sambil'),(192,'Rafaelmartinez','04125499485','rafael9510020@poo','Sambil'),(193,'Gabriela graterol','04126575349','gabrielagraterol2@gmail.com','Sambil'),(194,'Leonicio leon','04246794215','leonicio364@gmail.com','Sambil'),(195,'José Requena ','04246207654','requenaja0603@gmail.com','Sambil'),(196,'Jean rosales ','04265655135','Michellrosales024@gmail.cpm','Sambil'),(197,'Victor Zavala','04126715980','victordza18@gmail.com','Sambil'),(198,'Eugenio Colina','04246634737','eugeniocolinalol@gmail.com','Sambil'),(199,'José zapata','04265627612','zapata.josedavid1607@gmail.com','Sambil'),(200,'Kirbys medina','04141647712','kirbysjosemedinaventura@gmail.com','Sambil'),(201,'Hugo ventura ','04168613249','hventura@659gmail.com','Sambil'),(202,'Moisés Hidalgo ','04126480590','moicsss_90@hotmail.com','Sambil'),(203,'Angel Granadillo ','04146689430','anggrana13@gmail.com','Sambil'),(204,'Andrés morales','04141691960','andresjav2891@gmail.com','Sambil'),(205,'José Ramón','04149680036','jalejandroromeroq@gmail.com','Sambil'),(206,'A','4','esthefgarcia0@gmail.com','Sambil'),(207,'moises Villanueva ','04146641238','moises_v_20@hotmail.com','Sambil'),(208,'Andrés molinet','04246062822','aj.molinet@gmail.com','Sambil'),(209,'Carlos Martínez ','04246952930','carlosantoniomp23@gmail.com','Sambil'),(210,'Doumary padilla','04246163635','douma-14@hotmail.com','Sambil'),(211,'Daniela Calles','04126840706','danielaaacalles@gmail.com','Sambil'),(212,'Ronny ','04162258142','rjsl07051994@gmail.com','Sambil'),(213,'Shneydis Ramírez ','04126480446','shneydis_93@hotmail.com','Sambil'),(214,'Jimmy Sangronis','04127674524','perezperezkirg@gmail.com','Sambil'),(215,'Mariangel borges','04246431453','mariangelcbf@hotmail.com','Sambil'),(216,'Ana Flores','04141657171','anflores.32@gmail.com','Sambil'),(217,'Rosselyn sanchez','04120760848','rosselynsanchez@gmail.com','Sambil'),(218,'Filpho cuba','04127668822','filphocubaa@gmail.com','Sambil'),(219,'Aliaury rodriguez','04126698317','aliaurycrisel@gmail.com','Sambil'),(220,'Fabiana vargas','04141677792','baluchi_24@hotmail.com','Sambil'),(221,'Juan riera ','04162016044','Jifs1981@hotmail.com','Sambil'),(222,'Angel petit','04127930455','angelpetit679@gmail.com','Sambil'),(223,'nehomarcaldera','04246924186','nehomarcaldera924@gmail.com','Sambil'),(224,'yessica peña','04246095253','ypena5191@gmail.com','Sambil'),(225,'estefanía acosta','04126516063','acostazavalaestefania@gmail.com','Sambil'),(226,'Elizabeth saneZ','04143683014','sanezelizabeth997@gmail.com','Sambil'),(227,'Jose andres','04120311513','joseandresgutierrezlopez515@gmail.com','Sambil'),(228,'Auri bustillos','04246761530','ab24@gmail.com','Sambil'),(229,'eduardo sanez','04126688747','jesussanez-22@hotmail.com','Sambil'),(230,'jose barreno','04126662545','josebarreno69@gmail.com','Sambil'),(231,'José Ángel Hurtado ','04149666865','joseangelhurtado325@gmail.com','Sambil'),(232,'Adrimar Villegas ','0424633693','adrimarvillegas@gmail.com','Sambil'),(233,'Jesús romero','04246621685','jm0907821@gmail.com','Sambil'),(234,'Dadeana Sanchez','04121651203','dadeanasanchezc@gmail.com','Sambil'),(235,'Jessica lopez ','04120627158','jessiklop760@gmail.com','Sambil'),(236,'David ruiz','04126481113','ruizdavid241078.@gmail.com','Sambil'),(237,'Edward fuentes ','04166668843','chirifue000@gmail.con','Sambil'),(238,'Milagros Caldera','04246047864','calderasmc@gmail.com','Sambil'),(239,'Dayris','04146776457','dayriscampos@gmail.com','Sambil'),(240,'Jhoana Guerrero','04126654809','jhoanaguerrero180@gmail.com','Sambil'),(241,'Jdjrjrj','04165235852','jejeueie@gmail.com','Sambil'),(242,'andrea navarro','04246688877','andreianavarro883@gmail.com','Sambil'),(243,'Paola lugo','04140637457','stephanyborregales26@gmail.com','Sambil'),(244,'William Hernandez','04127881669','hernandezwilliamdavid@gmail.com','Sambil'),(245,'Orietta Palacios','04246045863','oriettapalacios@gmail.com','Sambil'),(246,'Yennilet Arguello','04140617298','lealyennilet@gmail.com','Sambil'),(247,'Jo','04246561437','brayanrapcomando11@gmail.com','Sambil'),(248,'Gusleiby di Loreto ','04143671555','gusleibydiloreto@gmail.com','Sambil'),(249,'Kristina','04127889200','katy_140793@hotmail.com','Sambil'),(250,'nestor carrasquero','04146802226','nestor.carrasquero.r@gmail.com','Sambil'),(251,'Nilexi Diaz','04246190058','nixisirai@gmail.com','Sambil'),(252,'sofia Rodríguez','04121666755','sunlavie1@gmail.com','Sambil'),(253,'Estefany petit','04126831989','estefanypetit30@gmail.com','Sambil'),(254,'Melany Carrasquero ','04126031937','melanycarrasquerocuauro@gmail.com','Sambil'),(255,'Jose sanchez','04126252716','jsanchezchiquito@gmail.com','Sambil'),(256,'Griselys Testa ','04126624909','Griselyst@gmail.com','Sambil'),(257,'Edgar segovia','04243602802','easr04@gmail.com','Sambil'),(258,'Omar Fakih','04246570343','omarfakih@gmail.com','Sambil'),(259,'Argenis Nieves ','04146497075','paraguana.hlf@gmail.com','Sambil'),(260,'Liseth Medina','04246985320','rixoto07@gmail.com','Sambil'),(261,'Hecnys araujo','04246235956','hectoraraujo409@gmail.com','Sambil'),(262,'Javier chirinos','04121076103','jchirinos.insp@gmail.com','Sambil'),(263,'Ángel Partida','04148184969','angelpartida1978@gmail.com','Sambil'),(264,'ÁNGEL LOPÈZ','04126488355','lililppezrod235@gmail.com','Sambil'),(265,'Liliana lopez','04126488355','loridiaz1105@gmail.com','Sambil'),(266,'Adelis colina','04242362801','adeliscolina24@gmail.com','Sambil'),(267,'Marian ya ','04163667513','david_josepiso@gmail.com','Sambil'),(268,'Eduardogonzales','04146963037','faderjsnnd@gmail.com','Sambil'),(269,'Jose sangronis','04146596830','josesangronis123@gmail.com','Sambil'),(270,'Edith','04126660777','egarcia@opticolor.com.ve','Sambil'),(271,'Edith','04126641249','egarcia@opticilor.com.ve','Sambil'),(272,'Javier colina ','04126690860','egarcia@opticolor.com.ve','Sambil'),(273,'Junior Yamarte','04126621383','juniorjya16@gmail.com','Sambil'),(274,'Paola González','04246227359','pfranshezka15@gmail.com','Sambil'),(275,'Génesis Campos','04127980377','genesiscm0606@gmail.com','Sambil'),(276,'Johennys lopez','04146012184','johennyslopez899@gmail.com','Sambil'),(277,'Yessica','04126567199','yessicaqq@gmail.com','Sambil'),(278,'Sabas vega','04126636085','sabascarloseduardo@gmail.com','Sambil'),(279,'Erika flores ','04120698718','erikayamiraflores1976@gmail.com','Sambil'),(280,'Mairene riera','04146787158','mairenerierag20@gmail.com','Sambil'),(281,'Michelle El Souki','04146763054','michelle.elsouki@gmail.com','Sambil'),(282,'Yudith Gomez','04246069690','SebastianJHerman@gmail.com','Sambil'),(283,'Robert medina','04246618507','medinarobeet@hotmail.com','Sambil'),(284,'Yudith Gomez','04246069690','SebastianJHerman@gmail.com','Sambil'),(285,'Sebastian Molina','04126677822','evymarmolina0@gmail.com','Sambil'),(286,'Anthony sarcos','0424631983','sarcosanthony7@gmail.com','Sambil'),(287,'Emily Naveda ','04246812022','imelidaniela@gmail.com','Sambil'),(288,'Yudith Gomez','04246069690','SebastianJHerman@gmail.com','Sambil'),(289,'Pedro molina','04246486496','pedromolina936@gmail.com','Sambil'),(290,'Yudith Gomez','04246069690','SebastianJHerman@gmail.com','Sambil'),(291,'Anderson chirino','04126663705','agabchirinor@gmail.com','Sambil'),(292,'Michelle Dingeo ','04141681015','michelle_dingeo@hotmail.com','Sambil'),(293,'Norkys Gómez ','04126716817','norkysgomez01@hotmail.com','Sambil'),(294,'María Ruiz','04246539807','mariagabriellaruiz1804@gmail.com','Sambil'),(295,'Juan Rodríguez','04125466739','juanrlmiguel7@gmail.com','Sambil'),(296,'Jonathan Dávila ','04246519303','jaddkriegzor@gmail.com','Sambil'),(297,'Josbelys Castillo ','04126801356','josbecandyfair@gmail.com','Sambil'),(298,'Oliesker lugo','04146872034','olieskerlugor54@gmail.com','Sambil'),(299,'Antonio sangronis ','04263682887','antoniosangroni@www.com','Sambil'),(300,'Yolimar Chirinos','04264493174','yolimaechirino@gmail.com','Sambil'),(301,'Jose henriquez ','04126667662','info@maraveca.com','Sambil'),(302,'Jorge Espinoza','04126651837','espinozamonterojorgejose@gmail.com','Sambil'),(303,'Jose henriquez','04126667662','info@maraveca.com','Sambil'),(304,'Luis Azacon ','04268613537','azetaconluisrafael@gmail.com','Sambil'),(305,'Arianny','04163141815','arianny195@gmail.com','Sambil'),(306,'Jose henriquez','04126667662','info@maraveca.com','Sambil'),(307,'Miguel Perez','04126523589','miguelpereira.electronica@gmail.com','Sambil'),(308,'Gabriel Blanchard','04120688177','gblanchardlugo@gmail.com','Sambil'),(309,'Mireanyelis Blanchard','04126604609','mireanyelisb@gmail.com','Sambil'),(310,'Sandra lugo','04126446151','sandradeblanchard@gmail.com','Sambil'),(311,'Daniel mavo','04124499052','danielmavo05@hotmail.com','Sambil'),(312,'Sandra blanchard','04246201222','gabriela.1106@hotmail.com','Sambil'),(313,'Marcos Cuba','04149687715','mcubayo@gmail.com','Sambil'),(314,'Aja puente','04126639814','anapuente0@gmail.com','Sambil'),(315,'Jessenia molina','04146500726','jesseniasemprun@gmail.com','Sambil'),(316,'Betania Santander','04146910208','bethaniasantander634@gmail','Sambil'),(317,'Ana Roa','04126697165','roamarqueza1427@gmail.com','Sambil'),(318,'Saray Gotopo','04120678166','saronsan61@gmail.com','Sambil'),(319,'Saray Gotopo','04120678166','saronsan61@gmail.com','Sambil'),(320,'Beykerherrera','04246127460','anko_@gmail.com','Sambil'),(321,'Saray Gotopo','04120678166','saronsan61@gmail.com','Sambil'),(322,'Rosalinda guanipa','04246283976','rdvgp_23@hotmail.com','Sambil'),(323,'Dayan Torres','04121811514','ing.dayantorres123@gmail.com','Sambil'),(324,'Xavier Lopez','04127516500','xaviertecservices@gmail.com','Sambil'),(325,'Orlando','04125368609','orlandojosesantaellahill@gmail.com','Sambil'),(326,'René Garcia','04246393366','rosibertjose09@gmail.com','Sambil'),(327,'jose gutierrez','04121294032','joseandresgutierrezlopez515@gmail.com','Sambil'),(328,'Mario rodriguez','04245689375','Marlochacon@gmail.com','Sambil'),(329,'Mskdkfk','04129660712','hato@gmail.com','Sambil'),(330,'Jessie sarkis','04126632348','karolina_jessie@hotmail.com','Sambil'),(331,'Wilfredo Virgüez ','04140458178','virguezcapingi@gmail.com','Sambil'),(332,'Jhon Guadarrama ','04146853875','guadarramajhon@gmail.com','Sambil'),(333,'Josue valles','04246012630','josuevallescolina@gmail.com','Sambil'),(334,'Segundo Maldonado','04246440469','sjmchundo@84gmail.com','Sambil'),(335,'Naydelin reyes','04126652007','nay.livereyes@gmail.com','Sambil'),(336,'Rosaura quiaro','04246242077','rosaura.quiaro58@gnail.com','Sambil'),(337,'Sofía arteaga','04126632797','sopmeow2@gmail.com','Sambil'),(338,'Cecilia Da Silva','04140677555','ceciliadasilvave@gmail.com','Sambil'),(339,'Alirio ARTEAGA','04246530513','alirio.overload@gmail.com','Sambil'),(340,'Mareena Titanos','04160865847','seonkyuhyun@gmail.com','Sambil'),(341,'Diamelis santos','04126670490','diamelisyalimar@hotmail.com','Sambil'),(342,'Jorge Lugo','04126906761','lnjl1910@gmail.com','Sambil'),(343,'Jejejje','04245667345','jejejje@hdjkd.com','Sambil'),(344,'veronica sanchez ','04162658668','veronicasanchezdd28@gmail','Sambil'),(345,'Juan Carlos Sánchez ','04126528668','jcsanchezlugo@gmail.com','Sambil'),(346,'Maryuri lopez','04126692197','lmaryuri692@gmail.com','Sambil'),(347,'Dulce Sousa','04125556661','dulcesousa@gmail.com','Sambil'),(348,'Robert arteaga','04146940728','yahoo_roberto@hotmail.com','Sambil'),(349,'José hernsndez','04146993225','herrero1970@hotmail.com','Sambil'),(350,'Blanca hernandez','04146036376','yahoo_nena@hotmail.com','Sambil'),(351,'Irihug borges','04126654403','herrero1970@hotmail.com','Sambil'),(352,'Valeria castillo','04246234589','valeriacastillo@gmail.com','Sambil'),(353,'Carlos tremond','04160065547','carlostremond@gmail.com','Sambil'),(354,'María Saez','04246118099','mariasaezbustillo@gmail.com','Sambil'),(355,'Josaid mavo','04121173292','mavojosaid@gmail.com','Sambil'),(356,'Juliannis','04120696111','juliannidelvaller@hotmail.com','Sambil'),(357,'Madeleim barreno','04127669466','madeleim_93@hotmail.com','Sambil'),(358,'Jesus','04126405788','jesusj14@hotmail.es','Sambil'),(359,'Art','04146930064','arturokqro@gmail.com','Sambil'),(360,'Wuilmer Ramirez ','04268600033','Wuilmeramirez@gmail','Sambil'),(361,'Ejda','04126714737','ejda156@gmail.com','Sambil'),(362,'Alexander Rodríguez ','04121063584','alexanderrodriguez7467@gmail.com','Sambil'),(363,'Michelle Rosales','04146875510','michellrosales774@gmail.com','Sambil'),(364,'Adrian suarez','04143644791','adriansuarezgonzalez2439.0906@gmail.com','Sambil'),(365,'Sara vargas','04127853475','saraavargas7777@gmail.com','Sambil'),(366,'Eddwin Pérez','04244059893','eddwinpc_97@hotmail.com','Sambil'),(367,'Jose henriquez','04126667662','info@maraveca.com','Sambil'),(368,'Luis García','04126410783','unluisdetantos@gmail.com','Sambil'),(369,'Ciro Nuñez ','04246617286','cironunezp31@gmail.com','Sambil'),(370,'Dailys medina ','04149635454','medinadailys@gmail.com','Sambil'),(371,'Yenibeth García ','04126663321','fresarandy@gmail.com','Sambil'),(372,'Andres Nuñez','04126461855','nuneandres13@gmail.com','Sambil'),(373,'Frank','04126916289','lauriannyscristinajoseventuraa@gmial.com','Sambil'),(374,'Garcus','0425679830','dkb@nfnx','Sambil'),(375,'José Andrade','04146354290','leo1608@hotmail.com','Sambil'),(376,'Rafael Santos','04120649012','luciano.rqs@gmail.com','Sambil'),(377,'Hugo Libre ','04143686563','opptofijoseginteca@gmail.com','Sambil'),(378,'Jose henriquez','04126667662','info@maraveca.com','Sambil'),(379,'Erick Tinoco','04125149225','eriktinoco95@gmail.com','Sambil');
/*!40000 ALTER TABLE `usuario` ENABLE KEYS */;
UNLOCK TABLES;
/*!40103 SET TIME_ZONE=@OLD_TIME_ZONE */;

/*!40101 SET SQL_MODE=@OLD_SQL_MODE */;
/*!40014 SET FOREIGN_KEY_CHECKS=@OLD_FOREIGN_KEY_CHECKS */;
/*!40014 SET UNIQUE_CHECKS=@OLD_UNIQUE_CHECKS */;
/*!40101 SET CHARACTER_SET_CLIENT=@OLD_CHARACTER_SET_CLIENT */;
/*!40101 SET CHARACTER_SET_RESULTS=@OLD_CHARACTER_SET_RESULTS */;
/*!40101 SET COLLATION_CONNECTION=@OLD_COLLATION_CONNECTION */;
/*!40111 SET SQL_NOTES=@OLD_SQL_NOTES */;

-- Dump completed on 2021-06-02 15:06:25
